{"oahu": [[-157.845, 21.286168951812822], [-157.745, 21.275], [-157.67194834708127, 21.293836128750506], [-157.70522632738812, 21.355], [-157.7440756271779, 21.435000000000002], [-157.75, 21.460727291933082], [-157.825, 21.463211120880842], [-157.8751724952096, 21.565], [-157.93301524332992, 21.665], [-157.99021548484683, 21.711126106249054], [-158.06600597032644, 21.655], [-158.195, 21.58540888883493], [-158.2524675753272, 21.555280041799364], [-158.235, 21.506716116193928], [-158.19678472733602, 21.452301517632996], [-158.155, 21.39033607298535], [-158.12759410092508, 21.33], [-158.055, 21.306375072615786], [-157.97848060413264, 21.365000000000002], [-157.93886137034565, 21.3134043369102], [-157.90311313356682, 21.32366145146566]], "hawaii": [[-155.7386694420714, 18.97474729998264], [-155.64206372980357, 18.942644440920716], [-155.5596898127911, 19.055], [-155.40500000000003, 19.194330714365634], [-155.255, 19.265], [-155.085, 19.313039292849894], [-154.905, 19.415231561215887], [-154.82342745045224, 19.505], [-154.91169119399822, 19.575], [-154.98986531872703, 19.685000000000002], [-155.05, 19.73571219704544], [-155.09398435212643, 19.8], [-155.175, 19.950431917686842], [-155.33557686563853, 20.044547054509675], [-155.49626232802694, 20.114459700584913], [-155.67013879899076, 20.17947109928759], [-155.805, 20.259518268902625], [-155.90462599478604, 20.232900355351873], [-155.87323946039658, 20.08766376320176], [-155.8925584127336, 19.935000000000002], [-155.96, 19.856662548546637], [-156.01460417184597, 19.814883922780975], [-156.05416109420307, 19.721917121654442], [-156.00902714035513, 19.645], [-155.96866044446338, 19.560000000000002], [-155.935, 19.485632083540672], [-155.91504423900278, 19.409999999999997], [-155.905, 19.225], [-155.897211281442, 19.075000000000003], [-155.85502023080434, 19.024991348599112]], "kauai": [[-159.485, 21.88611070485259], [-159.39386421006668, 21.913474797045478], [-159.365, 21.955], [-159.34050450117843, 21.962449977977325], [-159.33834460246297, 22.0], [-159.31645851056075, 22.085], [-159.31518550085778, 22.175], [-159.38, 22.22343059393617], [-159.455, 22.23216302202788], [-159.54000000000002, 22.223537865920846], [-159.63, 22.203919648735887], [-159.69999825626036, 22.169334282030352], [-159.74441442026819, 22.134999999999998], [-159.76739199242274, 22.087475869463884], [-159.7875504599046, 22.055], [-159.77704795252012, 22.005], [-159.72, 21.97074712934314], [-159.63923492256464, 21.920711273903862], [-159.575, 21.89707826029986]], "maui": [[-156.3612155774793, 20.585], [-156.26326451815436, 20.605], [-156.175, 20.62671489903947], [-156.095, 20.647682259658296], [-156.025, 20.68629419698518], [-155.98737485533175, 20.745], [-156.00142996833796, 20.788659235268305], [-156.075, 20.824191258413848], [-156.12941604510314, 20.85], [-156.16, 20.87157948181885], [-156.2109474353754, 20.908904380482802], [-156.295, 20.945], [-156.42000000000002, 20.914346991438855], [-156.5136556906163, 20.945741329029232], [-156.559997852163, 21.015], [-156.615, 21.03208160027484], [-156.67457875308907, 20.994438311901355], [-156.69533472440477, 20.921748770300315], [-156.66117985909972, 20.85], [-156.58500000000004, 20.804581919242896], [-156.505, 20.795], [-156.46477978883567, 20.76095252924663], [-156.45111786626816, 20.685000000000002], [-156.445, 20.622680499783904], [-156.425, 20.60187817870643]], "molokai": [[-156.86123804324967, 21.055274627371286], [-156.7501564346843, 21.110032844652878], [-156.765, 21.175], [-156.895, 21.174251944893253], [-156.96209146876458, 21.205], [-156.9869869525147, 21.20966988877059], [-157.04, 21.193984609230817], [-157.185, 21.21325248836691], [-157.2577025315427, 21.211282186573143], [-157.26999999999998, 21.17025788734638], [-157.30466151455545, 21.123581808968563], [-157.235, 21.095047439135595], [-157.11, 21.100125144843215], [-156.995, 21.075672882532274]], "lanai": [[-156.965, 20.737990489495402], [-156.88, 20.7470723158195], [-156.825, 20.787876270877458], [-156.835, 20.862872423410906], [-156.885, 20.905908989999407], [-156.945, 20.930147881613955], [-157.03, 20.93135011705585], [-157.063371704038, 20.893379404569124], [-157.01473283600467, 20.855260958730337], [-156.99432532149183, 20.791296117923903]]}